{"cameraMode":{"drawMode":0,"name":"Shaded","section":"Shading Mode"},"sceneLighting":false,"audioPlay":false,"sceneViewState":{"m_AlwaysRefresh":false,"showFog":true,"showSkybox":false,"showFlares":true,"showImageEffects":true,"showParticleSystems":true,"showVisualEffectGraphs":true,"m_FxEnabled":true},"in2DMode":false,"pivot":{"x":0.7010250091552734,"y":3.0856475830078127,"z":1.3615381717681885},"rotation":{"x":0.1937217116355896,"y":0.058819856494665149,"z":-0.011635913513600827,"w":0.9792258739471436},"size":0.7655441164970398,"orthographic":false}