{"cameraMode":{"drawMode":0,"name":"Shaded","section":"Shading Mode"},"sceneLighting":false,"audioPlay":false,"sceneViewState":{"m_AlwaysRefresh":false,"showFog":true,"showSkybox":false,"showFlares":true,"showImageEffects":true,"showParticleSystems":true,"showVisualEffectGraphs":true,"m_FxEnabled":true},"in2DMode":false,"pivot":{"x":3.1058404445648195,"y":-0.9466629028320313,"z":-0.3158702850341797},"rotation":{"x":0.35948193073272707,"y":-0.020998286083340646,"z":0.008091848343610764,"w":0.9328821301460266},"size":12.810593605041504,"orthographic":false}