{"cameraMode":{"drawMode":0,"name":"Shaded","section":"Shading Mode"},"sceneLighting":false,"audioPlay":false,"sceneViewState":{"m_AlwaysRefresh":false,"showFog":true,"showSkybox":false,"showFlares":true,"showImageEffects":true,"showParticleSystems":true,"showVisualEffectGraphs":true,"m_FxEnabled":true},"in2DMode":false,"pivot":{"x":1.2118436098098755,"y":4.76888370513916,"z":2.2287206649780275},"rotation":{"x":0.44600534439086916,"y":0.0067089456133544449,"z":-0.0033424992579966785,"w":0.8950027823448181},"size":5.100513458251953,"orthographic":false}